index,title,artist,spot_artist,spot_track,spot_album,track_number,release_date,track_uri,-index
101,"""B"" Movies",Fabulous Poodles,Fabulous Poodles,"""B"" Movies",Unsuitable,7,1978-10-02,spotify:track:2UBz9WaBdqjWL7ueYykUZa,-101
438,(Ain't Nothin' but A) House Party,The J. Geils Band,The J. Geils Band,(Ain't Nothin' but A) House Party,Best Of The J. Geils Band,4,1979-06-05,spotify:track:460CrLDOX6lopMGzb60GMr,NA
157,(Don't Fear) The Reaper,Blue Öyster Cult,Blue Öyster Cult,(Don't Fear) The Reaper,Agents Of Fortune,3,1976,spotify:track:5QTxFnGygVM4jFQiBovmRo,-157
266,(I Live For) Cars and Girls,The Dictators,The Dictators,(I Live For) Cars and Girls,Go Girl Crazy!,9,1975-03-29,spotify:track:0OIclmUecLQo5hyHhhLcFF,-266
81,(I Never Loved) Eva Braun,The Boomtown Rats,The Boomtown Rats,(I Never Loved) Eva Braun,A Tonic For The Troops,3,2005-01-01,spotify:track:0Za1RTPrmcg6DsZTaZvcG0,-81
231,11:59,Blondie,Blondie,11:59,Parallel Lines,7,1978-09-23,spotify:track:0yAi8iKRgy90VuNNZd3zhz,-231
NA,2112: Overture / The Temples Of Syrinx / Discovery / Presentation / Oracle / Soliloquy / Grand Finale - Medley,Rush,Rush,2112: Overture / The Temples Of Syrinx / Discovery / Presentation / Oracle / Soliloquy / Grand Finale - Medley,2112,1,1976-04-01,spotify:track:5H8xFHau0x3PI1CssO6EaX,NA
299,52 Girls,The B-52's,The B-52's,52 Girls,The B-52's,2,1979-07-11,spotify:track:0hV8cbzJubHKLSFIsBnYUo,-299
58,99,TOTO,TOTO,99,Hydra,3,1979-10-01,spotify:track:2R3E4xKmy7lyieBKONkIMT,-58
239,A.C.D.C.,Sweet,Sweet,A.C.D.C.,Desolation Boulevard,4,1974-11,spotify:track:36ezEcDyFfBC4gNVMhitzG,-239
78,Accidents Will Happen,Elvis Costello & The Attractions,Elvis Costello & The Attractions,Accidents Will Happen,Armed Forces,1,1979,spotify:track:7oR6vPgaw4QlXXmJ8IfKMg,-78
228,Across the Border,Electric Light Orchestra,Electric Light Orchestra,Across the Border,Out of the Blue,4,1977,spotify:track:1u3hy4sFcXyAwLmD6TmEnb,-228
206,Airport,The Motors,The Motors,Airport,Approved By The Motors,1,1978-01-01,spotify:track:6F0CQMioZrqgkp3oHx4hpY,-206
124,All I Want Is You,Roxy Music,Roxy Music,All I Want Is You,Country Life (Remastered),3,1974-11-01,spotify:track:1egCIlK7j1ioz15rh3BYHN,-124
435,All Mixed Up,The Cars,The Cars,All Mixed Up,The Cars,9,1978-06-06,spotify:track:35jXTF1ALlzkrS2k1B5dkF,-435
381,All My Love - 1990 Remaster,Led Zeppelin,Led Zeppelin,All My Love - 1990 Remaster,In Through the out Door (1994 Remaster),6,1979-08-15,spotify:track:6lrh9jZ1xoMwoErgPSj2rY,NA
379,All Tomorrow's Parties,The Velvet Underground,The Velvet Underground,All Tomorrow's Parties,The Velvet Underground & Nico 45th Anniversary,6,1967-03-12,spotify:track:1mL6q0gbifm2dBTvMBx4px,-379
27,Aloha Steve & Danno,Radio Birdman,Radio Birdman,Aloha Steve & Danno,The Essential Radio Birdman,1,2001-07-17,spotify:track:2n4yt6ZWeOjY31bC5U0I1j,NA
259,And the Cradle Will Rock... - 2015 Remaster,Van Halen,Van Halen,And the Cradle Will Rock... - 2015 Remaster,Women and Children First (Remastered),1,1980-03-26,spotify:track:4MM0jT9z9m7VFiusFrGJ8C,-259
199,Angels,Lene Lovich,Lene Lovich,Angels,Flex,3,2007-01-02,spotify:track:62yB0rvilEnpxQYjaxwqGk,-199
15,"Another Brick in the Wall, Pt. 2",Pink Floyd,Pink Floyd,"Another Brick in the Wall, Pt. 2",The Wall,5,1979-11-30,spotify:track:4gMgiXfqyzZLMhsksGmbQV,-15
62,Another Nail In My Heart,Squeeze,Squeeze,Another Nail In My Heart,Argybargy,2,1980,spotify:track:7c3WIsUNdaMNbQQzL1Q56l,-62
66,Anytime,Journey,Journey,Anytime,Infinity,3,1978,spotify:track:2dcskJYRu9mMVPpAGJl3Er,-66
376,Astronomy,Blue Öyster Cult,Blue Öyster Cult,Astronomy,Secret Treaties,8,1974-04-01,spotify:track:2g02rt0UFudctbAnmJsm22,-376
393,Atlanta June,Pablo Cruise,Pablo Cruise,Atlanta June,20th Century Masters: The Millennium Collection: Best of Pablo Cruise,8,2001-01-01,spotify:track:4XhEyr2qbZWSvgmlKG7Rp6,-393
61,Avenging Annie,Andy Pratt,Andy Pratt,Avenging Annie,Andy Pratt,1,2016-04-01,spotify:track:2WPx4X6CtBRYW8PIUJRdMu,-61
368,B.A.B.Y,Rachel Sweet,Rachel Sweet,B.A.B.Y,B.A.B.Y - The Best Of Rachel Sweet,1,2001,spotify:track:6duRWzzgVz50ChzhhEkO60,-368
34,Bad Time,Grand Funk Railroad,Grand Funk Railroad,Bad Time,Greatest Hits: Grand Funk Railroad (Remastered),12,2006-01-01,spotify:track:5h2XR7VWvJ7jPhbvCyuYee,-34
268,Badge,Cream,Cream,Badge,Goodbye,4,1969-03-01,spotify:track:08xsXR637CEqbxJmpFcuSA,-268
410,Bastille Day,Rush,Rush,Bastille Day,Caress Of Steel,1,1975-09-24,spotify:track:2fsFnXtYfu3xkz9QXj1pZs,-410
257,Be My Baby,The Ronettes,The Ronettes,Be My Baby,Be My Baby: The Very Best of The Ronettes,2,2011-02-22,spotify:track:2G2YzndIA6jeWFPBXhUjh5,-257
103,Beach Baby,First Class,First Class,Beach Baby,Sun Sea Sand And Sex,2,2009-05-18,spotify:track:3gOsZGaMej7EMVy6VBjxHM,-103
290,Beat on the Brat - 2016 Remaster,Ramones,Ramones,Beat on the Brat - 2016 Remaster,Ramones (40th Anniversary Deluxe Edition; 2016 Remaster),2,1976-04-23,spotify:track:55mKuESqpfgqe0kooIkTH2,-290
118,Beautiful Loser - Live In Detroit/1975,Bob Seger,Bob Seger,Beautiful Loser - Live In Detroit/1975,'Live' Bullet,3,1976-04-12,spotify:track:1qRqgmMlMHxxHMLPJCTn4V,-118
98,Because the Night,Patti Smith,Patti Smith,Because the Night,Easter,3,1978,spotify:track:0lIoY4ZQsdn5QzhraM9o9u,-98
389,Before They Make Me Run - Remastered,The Rolling Stones,The Rolling Stones,Before They Make Me Run - Remastered,Some Girls,8,1978-06-09,spotify:track:4cAlWy0jWMtn5AdtZy4dHi,-389
201,Birdman Of Alcatraz,Rick Wakeman,Rick Wakeman,Birdman Of Alcatraz,Criminal Record,4,1977-01-01,spotify:track:52GZ07NCP75fm7KgkzUFWp,-201
138,Black and White,Todd Rundgren,Todd Rundgren,Black and White,Faithful,7,1976,spotify:track:2NlDLaTogggnLizEgLPvMN,-138
358,Black Flame - 2020 Remaster,Renaissance,Renaissance,Black Flame - 2020 Remaster,Turn of the Cards (Expanded & Remastered),4,1974-04-30,spotify:track:6fwTbnT96R7vOfC6oaMwRY,NA
289,Blitzkrieg Bop - 2016 Remaster,Ramones,Ramones,Blitzkrieg Bop - 2016 Remaster,Ramones (40th Anniversary Deluxe Edition; 2016 Remaster),1,1976-04-23,spotify:track:4KcH1ZRV2W1q7Flq0QqC76,-289
177,Bloody Well Right,Supertramp,Supertramp,Bloody Well Right,Crime Of The Century (Remastered),2,1974-09-01,spotify:track:2SmlWvdYG6FsagxN3FkHMI,-177
43,Blue Collar Man (Long Nights),Styx,Styx,Blue Collar Man (Long Nights),Pieces Of Eight,6,1978-01-01,spotify:track:60F6ntlU0uSzgChmyQyVJP,-43
109,Blue Letter - 2017 Remaster,Fleetwood Mac,Fleetwood Mac,Blue Letter - 2017 Remaster,Fleetwood Mac (2017 Remaster),3,1975-07-11,spotify:track:2hLclTG8XLSYTUjRlv2wrK,-109
301,Blues Theme - From The Wild Angels,Davie Allan & The Arrows,Davie Allan & The Arrows,Blues Theme - From The Wild Angels,Wild Angels And Other Themes,1,1993-03-23,spotify:track:12hAeEyERydkkb1Wow1xdA,-301
415,Boogie 'Til You Puke,Root Boy Slim & The Sex Change Band,Root Boy Slim & The Sex Change Band,Boogie 'Til You Puke,Root Boy Slim & The Sex Change Band,1,1978,spotify:track:1TWjJ7TmAn2o0QGgtl5dnf,-415
405,Boom Boom (Out Go The Lights) - Live,Pat Travers Band,Pat Travers Band,Boom Boom (Out Go The Lights) - Live,Pat Travers Band...Live! Go For What You Know,4,1979-01-01,spotify:track:0SHdSdMOxZqzMWZyBrjcQM,-405
433,Born to Run,Bruce Springsteen,Bruce Springsteen,Born to Run,Born To Run,5,1975-08-25,spotify:track:6hTcuIQa0sxrrByu9wTD7s,-433
267,Bounty Hunter,Molly Hatchet,Molly Hatchet,Bounty Hunter,Molly Hatchet,1,1978,spotify:track:50d2zWUEVp9jn0EphgvdWe,-267
137,Boy Crazy,The Tubes,The Tubes,Boy Crazy,The Tubes,7,1975-01-01,spotify:track:2x1i7PKyWtdhxluSy1g1Cu,-137
271,Brass in Pocket - 2006 Remaster,Pretenders,Pretenders,Brass in Pocket - 2006 Remaster,Pretenders,10,1980-01-11,spotify:track:1QaJWSCk3UMKLotnPCIHh1,-271
150,Brick House,Commodores,Commodores,Brick House,Commodores,6,1977-01-01,spotify:track:5VJjhHyG8NZ5xdgG6uTb3P,-150
122,Brighton Rock - Remastered 2011,Queen,Queen,Brighton Rock - Remastered 2011,Sheer Heart Attack (Deluxe Remastered Version),1,1974-11-08,spotify:track:4ObxJP7kYUkBqpiklCzrBo,-122
42,Bring On The Night,The Police,The Police,Bring On The Night,Reggatta De Blanc (Remastered 2003),4,1979-10-02,spotify:track:4EkNINvDLeGgIL4zYGsYPb,-42
32,Bring on the Nubiles - 1996 Remaster,The Stranglers,The Stranglers,Bring on the Nubiles - 1996 Remaster,No More Heroes,5,1977,spotify:track:3HIgeFgEGdVpi2dQQdpbOm,-32
336,Build Me Up Buttercup,The Foundations,The Foundations,Build Me Up Buttercup,The Foundations,7,1968-01-01,spotify:track:6sPOmDulFtLzfX25zICNrC,-336
176,Call Me,Blondie,Blondie,Call Me,Call Me,1,2004-01-01,spotify:track:7HKxTNVlkHsfMLhigmhC0I,-176
341,"Call Me, Tell Me",American Flyer,American Flyer,"Call Me, Tell Me",American Flyer,11,2014-09-22,spotify:track:3vX1IATWFvN66kixEAIAT0,-341
355,Camellia,Daryl Hall & John Oates,Daryl Hall & John Oates,Camellia,Daryl Hall & John Oates,1,1975,spotify:track:1vEMEm5lvpm40P0vzyTNrz,NA
40,Can't Stand Losing You,The Police,The Police,Can't Stand Losing You,The Very Best Of Sting And The Police,2,1997-01-01,spotify:track:39ZC8fZuLGJfpoaTST7vw3,-40
73,Can't Stop Pretending,Artful Dodger,Artful Dodger,Can't Stop Pretending,Babes on Broadway,1,1977-03-01,spotify:track:1bSsTnBWQ7n1ysPXp16cgd,-73
360,Can't You See,The Marshall Tucker Band,The Marshall Tucker Band,Can't You See,Keeping The Love Alive,1,1997-01-01,spotify:track:4AlgqXQ5QA5bsNa6Nmchz7,-311
116,Can We Still Be Friends? - 2015 Remaster,Todd Rundgren,Todd Rundgren,Can We Still Be Friends? - 2015 Remaster,Hermit of Mink Hollow,2,1978,spotify:track:5MRIlJbi80rdC8mHUh5bpk,-116
413,Candy's Going Bad,The Godz,The Godz,Candy's Going Bad,The Godz,7,1978,spotify:track:4SjyAkih3FK3tbTW9snQwG,-413
154,Candy's Room,Bruce Springsteen,Bruce Springsteen,Candy's Room,Darkness On the Edge of Town,4,1978-06-02,spotify:track:19aoReRYJtOo2vWKPffECT,-154
9,Candy-O,The Cars,The Cars,Candy-O,Candy-O,6,1979,spotify:track:6tVcoaFJVBmHWctf8qC8pK,-9
NA,Carcass,Siouxsie and the Banshees,Siouxsie and the Banshees,Carcass,The Scream,4,1978-11-13,spotify:track:2OwRRgr6rGkO0qYPwkUaoN,NA
38,Catch Us If You Can - 2019 - Remaster,The Dave Clark Five,The Dave Clark Five,Catch Us If You Can - 2019 - Remaster,Having a Wild Weekend (Original Motion Picture Soundtrack) [2019 - Remaster],14,1965-01-01,spotify:track:7d91GO9HafgZuRUA2NjLTj,-38
332,Cathedral,"Crosby, Stills & Nash","Crosby, Stills & Nash",Cathedral,Greatest Hits,18,2005-03-14,spotify:track:5cWLZF2W2aMvvnMrA296TS,-332
114,Cherry - Live / 2008 Remaster,UFO,UFO,Cherry - Live / 2008 Remaster,Strangers in the Night (Live) (2008 Remaster),2,1979-01-29,spotify:track:5mvISky0K66RN8JcCkZOrF,-114
113,Cherry Baby,Starz,Starz,Cherry Baby,Violation (Expanded Edition),1,1977-05-01,spotify:track:6LZVAsCB1OEjue9kjZwdyl,-113
87,Cities On Flame with Rock and Roll,Blue Öyster Cult,Blue Öyster Cult,Cities On Flame with Rock and Roll,Blue Oyster Cult,8,1972,spotify:track:0M7oqERflkrJVHD3IAZqxo,-87
335,Classical Gas,Mason Williams,Mason Williams,Classical Gas,Rhino Hi-Five: Mason Williams,1,2005-10-18,spotify:track:48oT10cTda4pZUlYfqxlPR,-335
NA,Cleveland Rocks - 2009 Remaster,Ian Hunter,Ian Hunter,Cleveland Rocks - 2009 Remaster,You're Never Alone with a Schizophrenic (Deluxe Version),3,1979-03-27,spotify:track:5FBIJ3i1CWaZLf1VTNIh7B,NA
37,Cocaine,J.J. Cale,J.J. Cale,Cocaine,Troubadour,6,1976-09,spotify:track:6G3NoUqDpqD3Rgfel2pD6s,-37
82,Cold Ethyl,Alice Cooper,Alice Cooper,Cold Ethyl,Welcome to My Nightmare,7,1975,spotify:track:5TNFOptlMaPOvMffvVcmxA,-82
229,Come Back,The J. Geils Band,The J. Geils Band,Come Back,Love Stinks,2,1980,spotify:track:4SnovfTMzsmOnAfITyPFTP,-229
158,"Come on, Come On",Cheap Trick,Cheap Trick,"Come on, Come On",In Color,9,1977-09,spotify:track:3bMYpXiFnKhVKnLz9RHna1,-158
200,Comfortably Numb,Pink Floyd,Pink Floyd,Comfortably Numb,The Wall,6,1979-11-30,spotify:track:5HNCy40Ni5BZJFw1TKzRsC,-200
NA,Conquistador,Procol Harum,Procol Harum,Conquistador,Procol Harum (2009 remaster),1,1967-09-01,spotify:track:2Wr1PqAw6bzMYhngpb3f96,NA
31,Constantinople,The Residents,The Residents,Constantinople,Duck Stab,1,2016-09-09,spotify:track:12hltjj9gODVp3wgvatDZ6,-31
46,County Line,Pousette-Dart Band,Pousette-Dart Band,County Line,The Best of Pousette-Dart Band,10,1994-06-29,spotify:track:1dEMgiE3ATplPWVkNGc2GI,-46
14,Cruel to Be Kind,Nick Lowe,Nick Lowe,Cruel to Be Kind,Labour of Lust,1,1979,spotify:track:7D5ycpIrqwGNTQFKmzhDIg,-14
295,Cruel To Be Kind,Ian Gomm,Ian Gomm,Cruel To Be Kind,Crazy For You,2,1996-01-01,spotify:track:39nkXj5MMwcyfVRJjXCOFA,-295
106,Dance Away,Roxy Music,Roxy Music,Dance Away,Manifesto (Remastered),8,1979-03-01,spotify:track:6BKVev5kACyEaolcJkaUbz,-106
216,Dance the Night Away - 2015 Remaster,Van Halen,Van Halen,Dance the Night Away - 2015 Remaster,Van Halen II (Remastered),2,1979-03-23,spotify:track:4RS9PmtHQe7I0o5fEeweOY,-216
345,Danny's Song,Loggins & Messina,Loggins & Messina,Danny's Song,The Best: Loggins & Messina Sittin' In Again,9,1971,spotify:track:0ju1jP0cSPJ8tmojYBEI89,-345
NA,darlin',triumvirate,NA,NA,NA,NA, , ,NA
441,Dazed and Confused - 1990 Remaster,Led Zeppelin,Led Zeppelin,Dazed and Confused - 1990 Remaster,Led Zeppelin,4,1969-01-12,spotify:track:6hu1f1cXSw7OAqhpSQ2zDy,-441
192,Desire (Please Don't Turn Away),The J. Geils Band,The J. Geils Band,Desire (Please Don't Turn Away),Love Stinks,8,1980,spotify:track:0mWofEfE3jJbSLWCAiBh8p,-192
430,Desperado - 2013 Remaster,Eagles,Eagles,Desperado - 2013 Remaster,Desperado (2013 Remaster),5,1973,spotify:track:2TjnCxxQRYn56Ye8gkUKiW,-430
318,Destroying the Phone,Ringtone Records,Ringtone Records,Destroying the Phone,Grumpy Guy and the Phone Ringtone Album,9,2012-11-01,spotify:track:5LVlSCKpKl7MRHOFoEGUx6,-318
412,Destruction,FM,FM,Destruction,Surveillance,9,2013-04-29,spotify:track:25O6MSJ22sePqWodaq4v9y,-412
182,Determination,Todd Rundgren,Todd Rundgren,Determination,Hermit of Mink Hollow,6,1978,spotify:track:6gTG2wkf1P2n0JqEvaOO8I,-182
88,Detroit Breakdown,The J. Geils Band,The J. Geils Band,Detroit Breakdown,Best Of The J. Geils Band,5,1979-06-05,spotify:track:3PNdIqIoqS8CB1zwU8UxKX,-88
172,Diamonds and Rust,Judas Priest,Judas Priest,Diamonds and Rust,Sin After Sin,2,1977-11-15,spotify:track:2Z17Q91PB11tzkDh0QQtd6,-172
407,Discovering Japan,Graham Parker & The Rumour,Graham Parker & The Rumour,Discovering Japan,Squeezing Out Sparks,1,1979-01-01,spotify:track:3EDiesXhJp7u7HOAxGQG50,-407
202,Do It Again,Steely Dan,Steely Dan,Do It Again,Can't Buy A Thrill,1,1972-01-01,spotify:track:2BstRQGodshjGpeDGQiNgo,-202
190,Do You Believe I Love You,Carolyne Mas,Carolyne Mas,Do You Believe I Love You,Carolyne Mas,8,2018-02-27,spotify:track:7uPDSyFZQi9RHNg3qUCE5d,-190
263,Do You Remember Rock and Roll Radio?,Ramones,Ramones,Do You Remember Rock and Roll Radio?,Mania,3,1988-05-31,spotify:track:6hGMlZMkzZ2pvKB0P9UDaf,-263
130,Dominance and Submission,Blue Öyster Cult,Blue Öyster Cult,Dominance and Submission,Secret Treaties,3,1974-04-01,spotify:track:4cOqjEZyN13voCKivT0ae2,-130
115,Don't Ever Say Goodbye,Rick Derringer,Rick Derringer,Don't Ever Say Goodbye,"The Best Of Rick Derringer: Rock And Roll, Hoochie Koo",14,1996,spotify:track:4b0zEcXuhDlIPmJBoDhose,-115
356,Don't Hang Up,10cc,10cc,Don't Hang Up,How Dare You,9,1976,spotify:track:12MO0L4juj6Lc8ZVTYx0yI,-356
165,Don't Stop Loving Me,Rick Derringer,Rick Derringer,Don't Stop Loving Me,Sweet Evil (Bonus Track),1,1977-02-01,spotify:track:4MxzAQAwdORElRVnPzJ1a1,-165
304,Don't Touch Me There,The Tubes,The Tubes,Don't Touch Me There,Young And Rich,5,1976-01-01,spotify:track:47khefI5yEHStaBNhu4GUb,-304
431,Down to the Wire (Remastered),Michael Stanley Band,Michael Stanley Band,Down to the Wire (Remastered),Greatest Hints (Remastered),4,1992,spotify:track:2NauRe2h4twS4dA5Re0yfe,-431
363,Dreaming,Blondie,Blondie,Dreaming,Eat To The Beat,1,1979-09-28,spotify:track:2Rn7bVL1FVYboc4c55RUdg,-363
35,Drive All Night,Elliott Murphy,Elliott Murphy,Drive All Night,Just a Story from America,1,1977-02-01,spotify:track:7jP2vb4ZxaNWe6qmCfoClb,-35
284,Drive the Cold Winter Away,Horslips,Horslips,Drive the Cold Winter Away,Ring Christmas Bells,5,2013-12-13,spotify:track:0XD8mVBqnyPe4qWvLewA3C,-284
397,Driver's Seat,Sniff 'n' The Tears,Sniff 'n' The Tears,Driver's Seat,The Best of Sniff 'n' the Tears,1,1999-01-01,spotify:track:6mYxkv8dzrRzno1AwtZWZl,-397
89,Drivin' Sister,Mott The Hoople,Mott The Hoople,Drivin' Sister,Mott (Expanded Edition),6,1973,spotify:track:4mcXdd6tAKZ2AV4TeOyCX8,-89
411,Drivin' Wheel,Foghat,Foghat,Drivin' Wheel,Blues & Rock,12,2020-07-31,spotify:track:6hTu88ZuTc8Tybv0yBP5z4,-411
147,Editions Of You,Roxy Music,Roxy Music,Editions Of You,For Your Pleasure (Remastered),4,1973-03-01,spotify:track:3v8m161sv4NBY5QpM6ZdNY,-147
250,Eleventh Earl of Mar,Genesis,Genesis,Eleventh Earl of Mar,Wind & Wuthering,1,1976-12-27,spotify:track:68XW0RSoGt3TWxPiwhwzs6,-250
196,Elstree,The Buggles,The Buggles,Elstree,The Age Of Plastic,6,1980-01-10,spotify:track:5nvLGQApZ2ly9Ngn0BKbeW,-196
337,Every Time I Think of You,The Babys,The Babys,Every Time I Think of You,Head First,2,1978-01-01,spotify:track:76fFzThA0KjAea2BdVlHnD,-337
280,Fade Away And Radiate,Blondie,Blondie,Fade Away And Radiate,Parallel Lines,4,1978-09-23,spotify:track:7APz1pnCEsvfMhJpnXcfl8,-280
121,Feel Your Love Tonight - 2015 Remaster,Van Halen,Van Halen,Feel Your Love Tonight - 2015 Remaster,Van Halen (Remastered),8,1978-02-10,spotify:track:2fZTVlNbTrOAt05ohKJ3ym,-121
65,Feeling That Way,Journey,Journey,Feeling That Way,Infinity,2,1978,spotify:track:3WuG6JfzTUHTKwvvKT51zI,-65
340,Feels Like Yesterday - Demo Version,Prism Covers Band,Prism Covers Band,Feels Like Yesterday - Demo Version,Feels Like Yesterday (Demo Version),1,2020-04-14,spotify:track:1sFhlCdP1hS0wgNucVz2Nw,-340
68,Fins,Jimmy Buffett,Jimmy Buffett,Fins,Songs You Know By Heart,3,1985-01-01,spotify:track:4h0gZ422QxBRdTV14u0P8y,-68
392,Fire,The Pointer Sisters,The Pointer Sisters,Fire,Energy (Expanded Edition),7,1978,spotify:track:65lHwG8JFJs67PnOUhCYPq,-392
269,Fire (Santa Dog),The Residents,The Residents,Fire (Santa Dog),80 Aching Orphans: 45 Years Of The Residents 4cd Hardback Book Anthology Set,1,2017-10-13,spotify:track:4FadjoEqtHpte2vaYhLCTg,-269
NA,Fire and Rain - 2019 Remaster,James Taylor,James Taylor,Fire and Rain - 2019 Remaster,Sweet Baby James (2019 Remaster),7,1970-02-01,spotify:track:1oht5GevPN9t1T3kG1m1GO,NA
74,Fire And Water,Free,Free,Fire And Water,Fire And Water,1,1970-06-26,spotify:track:5jK9iJEBgHMQePlRukmnts,-74
16,Fire on the Mountain,The Marshall Tucker Band,The Marshall Tucker Band,Fire on the Mountain,Searchin' for a Rainbow,1,1975-08-01,spotify:track:4delgtiKX7L3nsbC0exhCS,-16
285,Fly By Night,Rush,Rush,Fly By Night,Fly By Night,5,1975-02-15,spotify:track:54TaGh2JKs1pO9daXNXI5q,-285
221,Fool for the City,Foghat,Foghat,Fool for the City,Fool for the City,1,1975,spotify:track:2SUg1AhsYsHUz4xzNlMnBQ,-221
436,For Your Love - 2018 Remaster,Fleetwood Mac,Fleetwood Mac,For Your Love - 2018 Remaster,50 Years - Don't Stop,24,2018-11-16,spotify:track:0m8FPvtqX1SkWp2hgiXD8v,-436
234,Forget About You,The Motors,The Motors,Forget About You,Approved By The Motors,3,1978-01-01,spotify:track:44st0VUm4EZiJZURriALxo,-234
53,Freedom at Point Zero,Jefferson Starship,Jefferson Starship,Freedom at Point Zero,Freedom At Point Zero,9,1979-11-01,spotify:track:2oRXWD4ZK1RkHkmqvStz6r,-53
219,Freedom Fighters,Utopia,Utopia,Freedom Fighters,Todd Rundgren's Utopia,3,1974,spotify:track:0CFiz8c0doEo3UFWY8AJQn,-219
179,Full Moon Man,Grace Slick,Grace Slick,Full Moon Man,Dreams,7,1980-03-18,spotify:track:1DAtS0UnOC3dKGDaHEluJY,-179
252,Games People Play,The Spinners,The Spinners,Games People Play,Pick of the Litter,7,1975,spotify:track:53R01ylELwpQO5TBZdqKsM,-252
214,Garden of Man,Grace Slick,Grace Slick,Garden of Man,Dreams,9,1980-03-18,spotify:track:5z8BVQDFRMELNZKv6WpY9O,-214
369,Get Ready For Love - Remastered,April Wine,April Wine,Get Ready For Love - Remastered,Classic Masters,2,2002-01-01,spotify:track:5S5fKzDXqXcHZgS1ArHDll,-369
254,Girl's Talk,Linda Ronstadt,Linda Ronstadt,Girl's Talk,Mad Love,9,1980,spotify:track:5odTKsQUY4a7TrYeZBB0Ig,-254
220,Girls,Los Invaders,Los Invaders,Girls,Girls,1,2020-02-14,spotify:track:5UtVlHDWRTmZFrLJMixrTk,-220
52,Girls Talk,Dave Edmunds,Dave Edmunds,Girls Talk,Repeat When Necessary,1,2020-05-15,spotify:track:5UBq9iGT7lfpibWr7KKqKe,-52
391,Give Me An Inch,Robert Palmer,Robert Palmer,Give Me An Inch,Pressure Drop,1,1975-01-01,spotify:track:6c9DEGj7hB56QhSxhYmRpH,-391
286,Gnostic Serenade,Tom Rush,Tom Rush,Gnostic Serenade,Wrong End Of The Rainbow,10,1970,spotify:track:3A41kUjSU5V4hDKhvpHqVv,-286
NA,Go All The Way,Raspberries,Raspberries,Go All The Way,Raspberries,1,1972,spotify:track:75GQIYnRaBg7ndHxhfYuQy,NA
243,Guests of the Nation,Horslips,Horslips,Guests of the Nation,"Short Stories, Tall Tales (Bonus Tracks Version)",1,2011-03-11,spotify:track:2ata9dLRciV1DojXyKcFSF,-243
26,Hawaii Five-O,The Ventures,The Ventures,Hawaii Five-O,Hawaii Five-O,1,1969,spotify:track:3UUwbJd2j4RORlalTUhaDk,-26
77,Head First,The Babys,The Babys,Head First,Head First,6,1978-01-01,spotify:track:1stFVE7xE8t4Xz21IoT6Tb,-77
104,Heat Wave,Linda Ronstadt,Linda Ronstadt,Heat Wave,Prisoner in Disguise,6,1975,spotify:track:3OwoQ968t9qJXYxFk7DCvu,-104
338,Hello It's Me,Todd Rundgren,Todd Rundgren,Hello It's Me,Something / Anything?,22,1972,spotify:track:3gHFKiDanj4d2rqgHlRFFc,-338
362,"Hello, Hello, Hello",New England,New England,"Hello, Hello, Hello",New England,1,1979-01-01,spotify:track:2rPOxYsjva5XKuKM4s3Y5Y,-362
322,Here Comes My Girl,Tom Petty and the Heartbreakers,Tom Petty and the Heartbreakers,Here Comes My Girl,Damn The Torpedoes (Deluxe Edition),2,1979-10-19,spotify:track:685sEpLJe80Zzuxz3siOVT,-322
354,"Hey Hey, My My (Into the Black) - 2016 Remaster",Neil Young,Neil Young,"Hey Hey, My My (Into the Black) - 2016 Remaster",Rust Never Sleeps,9,1979-06-27,spotify:track:5sy3FriCrKYGJp6JBOnlOo,-354
422,Hide In Your Shell - Remastered,Supertramp,Supertramp,Hide In Your Shell - Remastered,Crime Of The Century (Deluxe),3,1974-09-01,spotify:track:0ldE7rHWykc9OUViCzdviV,-422
208,High School History,Cindy Bullens,Cindy Bullens,High School History,Desire Wire,5,1978-08-01,spotify:track:4pkyy6I8AT5kmThL6Lr9J1,-208
55,Highway Song,Blackfoot,Blackfoot,Highway Song,Strikes,10,1979,spotify:track:0R5nPSbAqQoNjKBByWnN95,-55
244,Highway to Hell,AC/DC,AC/DC,Highway to Hell,Highway to Hell,1,1979-07-27,spotify:track:2zYzyRzz6pRmhPzyfMEC8s,-244
217,Hold Your Fire (Remastered),Michael Stanley Band,Michael Stanley Band,Hold Your Fire (Remastered),Greatest Hints (Remastered),9,1992,spotify:track:0GtyJEbZnKeYdq2Za39au3,-217
317,Hot Patootie (Bless My Soul),The Rocky Horror Show Original Cast,The Rocky Horror Show Original Cast,Hot Patootie (Bless My Soul),Let's Do The Time Warp Again!,8,2006-11-27,spotify:track:6Ga584DDPJ4GNo6EgiDYkw,-317
110,I'll Be Waiting,Horslips,Horslips,I'll Be Waiting,The Man Who Built America (Bonus Tracks Version),3,2009-08-21,spotify:track:5j9sNs8X4EhYsnQtEpWYaM,-110
132,I'm a Believer,Tin Huey,Tin Huey,I'm a Believer,Contents Dislodged During Shipment,1,1979-03-02,spotify:track:7up1vlUjVNIPzQd9HU7pFL,-132
429,I've Never Been in Love,Suzi Quatro,Suzi Quatro,I've Never Been in Love,The Wild One: The Greatest Hits,16,1990-05-08,spotify:track:67RJNtbJ5YMOMOM9kfhhGM,-429
424,I Go To Pieces,Rachel Sweet,Rachel Sweet,I Go To Pieces,Fool Around,2,1978-10-06,spotify:track:7qeWKOyXcqggQpyUWtYaPC,-424
163,I Guess He'd Rather Be in Colorado,John Denver,John Denver,I Guess He'd Rather Be in Colorado,"Poems, Prayers and Promises",8,1971,spotify:track:1gisi15k1VZkJUH3zej0AC,-163
349,I Just Can't Help It,The Korgis,The Korgis,I Just Can't Help It,...by Appointment,12,2015-01-12,spotify:track:5Y7MFcKfExDrXTMQN85vvR,-349
323,I Like To Rock,April Wine,April Wine,I Like To Rock,Harder . . . Faster,1,1979-01-01,spotify:track:17sn00z8VEiRJuW6eJrlSq,-323
255,I Love You (Miss Robot),The Buggles,The Buggles,I Love You (Miss Robot),The Age Of Plastic,4,1980-01-10,spotify:track:2qjsM7JuIL9b2qDNcWZK16,-255
210,I Played the Fool - 2016 Remaster,Southside Johnny And The Asbury Jukes,Southside Johnny And The Asbury Jukes,I Played the Fool - 2016 Remaster,Hearts of Stone (Remastered),3,1978-01-01,spotify:track:2jGFLCf5NeOMTXkHeiu03i,-210
NA,I Think of You,Renaissance,Renaissance,I Think of You,Turn of the Cards,2,1974-11-18,spotify:track:4PvQokavVtVWMemxt1xHZA,NA
29,I Wanna Be Sedated,Ramones,Ramones,I Wanna Be Sedated,Road to Ruin (40th Anniversary Deluxe Edition),7,1978,spotify:track:5NoQvINZLBV1wMYPdNmReL,-29
NA,I Wanna Be With You,Raspberries,Raspberries,I Wanna Be With You,Fresh,1,1972-01-01,spotify:track:7AC2sIU1IhrsNsI5x3dImr,NA
357,If I Had You,The Korgis,The Korgis,If I Had You,The Korgis Kollection,1,1978,spotify:track:5O2GICONw7vuzpjhB35niy,-357
373,If You Wanna Get To Heaven,The Ozark Mountain Daredevils,The Ozark Mountain Daredevils,If You Wanna Get To Heaven,Ozark Mountain Daredevils,3,1973-01-01,spotify:track:2CFtB64mDu2XCFjvGJhc9k,-373
382,Illegal Smile,John Prine,John Prine,Illegal Smile,John Prine,1,1971,spotify:track:1h0R5cstHZ070tevUAfEo7,-382
NA,In-A-Gadda-Da-Vida - Single Version,Iron Butterfly,Iron Butterfly,In-A-Gadda-Da-Vida - Single Version,Light and Heavy/The Best of...,6,1993,spotify:track:41TqRBgF4Ahyr4vGmZVk8b,NA
274,in love i wanna be,Michalski & Oosterveen,Ryan Michalski,NA,"NA",NA,2019-07-04,spotify:track:4ZbbQKtXtCo8i8Fm4V7aOk,-274
123,In The Mood,Rush,Rush,In The Mood,Rush,6,1974-01-01,spotify:track:2CB4yzH1SBr0q85YniII0M,-123
387,Insomnia,The Records,The Records,Insomnia,Play Live! Evanston ILL 9/7/80,6,2009-11-08,spotify:track:3lDDNAx5I7uxVw7GlEi0Fu,-387
440,Iron Man - 2014 Remaster,Black Sabbath,Black Sabbath,Iron Man - 2014 Remaster,Paranoid (2014 Remaster),4,1970-09-18,spotify:track:3IOQZRcEkplCXg6LofKqE9,-440
162,Is She Really Going Out With Him?,Joe Jackson,Joe Jackson,Is She Really Going Out With Him?,Look Sharp!,3,1979-01-05,spotify:track:29SRvYOKbMLOZeOubNGtLb,-162
348,It's The Same Old Song,Four Tops,Four Tops,It's The Same Old Song,Four Tops Second Album,5,1965,spotify:track:7d1ustAIlXG7ht5Q4IOv7s,-348
279,It Takes Time,The Marshall Tucker Band,The Marshall Tucker Band,It Takes Time,Searchin' for a Rainbow,9,1975-08-01,spotify:track:3okKVZgaeql0vACn0kwMvY,-279
NA,jackie run,rockspurs,NA,NA,NA,NA,NA,NA,NA
NA,Jailbreak,Thin Lizzy,Thin Lizzy,Jailbreak,Jailbreak (Deluxe Edition),1,1976,spotify:track:4qbiCq2xkNPyojuZFeNeqx,NA
253,Jane,Jefferson Starship,Jefferson Starship,Jane,Freedom At Point Zero,1,1979-11-01,spotify:track:2RNd6VgxG19db0zs0M1C4Z,-253
211,Jean Cocteau - 2019 Remaster,Be Bop Deluxe,Be Bop Deluxe,Jean Cocteau - 2019 Remaster,Futurama (Remastered & Expanded),7,1975-05-17,spotify:track:5ts1ri8zRo52zT1iXpL4ZZ,-211
44,Jennifer,Styx,Styx,Jennifer,Crystal Ball,3,1976-01-01,spotify:track:4zH007LyjxTkWibXiMlBT0,-44
416,Jerkin' Crocus,Mott The Hoople,Mott The Hoople,Jerkin' Crocus,All The Young Dudes (Expanded Edition),5,1972,spotify:track:1xKF80cHD0H6VydMJqK4st,-416
248,Johnny On The Monorail,The Buggles,The Buggles,Johnny On The Monorail,The Age Of Plastic,8,1980-01-10,spotify:track:6GfK1g6X14jAR5ZTpelBJi,-248
310,Jungle Love,Steve Miller Band,Steve Miller Band,Jungle Love,Book Of Dreams,7,1977-01-01,spotify:track:1EuqRlDP9RuzeCRVcjr1PY,-310
203,Just Can't Wait,The J. Geils Band,The J. Geils Band,Just Can't Wait,Love Stinks,1,1980,spotify:track:0VYOEbCV2NaUZ3bQuJ6HDy,-203
96,Just What I Needed,The Cars,The Cars,Just What I Needed,The Cars,3,1978-06-06,spotify:track:4alHo6RGd0D3OUbTPExTHN,-96
428,Karen,The Euclid Beach Band,The Euclid Beach Band,Karen,Euclid Beach Band,3,1979-11-05,spotify:track:1nwWxcRWkp6fnK4QlI0lvU,-428
173,Kick It Out,Heart,Heart,Kick It Out,Little Queen,5,1977-05-14,spotify:track:4QUjwfigQ1qSv0E1jN5yOr,-173
262,Kid,Pretenders,Pretenders,Kid,Original New Wave,15,2020-07-31,spotify:track:7GDWFVbILOgSzE5w12XTnc,-262
265,Kid Dynamo,The Buggles,The Buggles,Kid Dynamo,The Age Of Plastic,3,1980-01-10,spotify:track:7FYkWbEQ81Axs3sxpXM5hg,-265
439,Killer Cut,Charlie,Charlie,Killer Cut,Fight Dirty,1,1979,spotify:track:5doSujt2ivzuGZAan5tLTn,-439
152,Kleenex - 2002 Remaster,Generation X,Generation X,Kleenex - 2002 Remaster,Generation X (2002 Remaster),5,1978-04-08,spotify:track:2dimoxuJQmkgwuCieQOs4Z,-152
427,Lady Writer,Dire Straits,Dire Straits,Lady Writer,Communiqué,5,1979-06-15,spotify:track:3mwFncaI2HBczQ92GP9MQF,NA
NA,Last of the New Wave Riders,Utopia,Utopia,Last of the New Wave Riders,Adventures In Utopia,6,1980,spotify:track:5aytDoq4pDJ06xjx6tlrT4,NA
168,Last of the Rock Stars,Elliott Murphy,Elliott Murphy,Last of the Rock Stars,Aquashow Deconstructed,1,2015-03-09,spotify:track:2JccaCx2oH9D1451YXMZTR,-168
161,Lazy Ways,10cc,10cc,Lazy Ways,How Dare You,2,1976,spotify:track:1dbvYK3hUrXYlFCJhDKn8q,-161
380,Let's Dance - 2016 Remaster,Ramones,Ramones,Let's Dance - 2016 Remaster,Ramones (40th Anniversary Deluxe Edition; 2016 Remaster),12,1976-04-23,spotify:track:5wPUGMFkGjNQH9W3FkgkGt,-380
402,Let Me In,Rick Derringer,Rick Derringer,Let Me In,Derringer (Bonus Track),1,1976-02-01,spotify:track:4YPlR0R5VmhZ0Dtnf6Yh6m,-402
NA,Let My Love Open The Door,Pete Townshend,Pete Townshend,Let My Love Open The Door,Empty Glass,4,1980-04-21,spotify:track:0otlwsD3mSogk7VJCTp6Kg,NA
94,Light Up,Styx,Styx,Light Up,Equinox,1,1975-01-01,spotify:track:2LNPICgsfcNfqkUsrPpwEy,-94
60,Lights Out - 2008 Remaster,UFO,UFO,Lights Out - 2008 Remaster,Lights Out (2008 Remaster),4,1977-01-01,spotify:track:4BwQ3c9ZNdJcPKtQEcpfXz,-60
NA,Like a Hurricane - 2017 Remaster,Neil Young,Neil Young,Like a Hurricane - 2017 Remaster,Decade,31,1977,spotify:track:1n6gDSllAqVSweuFD82hNH,NA
12,Long Cool Woman (In a Black Dress) - 1999 Remaster,The Hollies,The Hollies,Long Cool Woman (In a Black Dress) - 1999 Remaster,Distant Light (1999 Remaster),7,1971-10-08,spotify:track:5UwbnHhjnbinJH8TefuQfN,-12
171,Long Live Rock N Roll,Rainbow,Rainbow,Long Live Rock N Roll,Long Live Rock 'n' Roll,1,1978-01-01,spotify:track:2ilsr4UkwAL10MspiJtKA3,-171
119,"Long, Long Way from Home",Foreigner,Foreigner,"Long, Long Way from Home",Foreigner (Expanded),6,1977-03-08,spotify:track:21D0muOMLK4P0jrsAYKLij,-119
120,"Lonliness (Sigma Sound, Philadelphia, 1978) - Live",Horslips,Horslips,"Lonliness (Sigma Sound, Philadelphia, 1978) - Live",The Man Who Built America (Bonus Tracks Version),12,2009-08-21,spotify:track:3cyBzzRlap1T4yRlBqecXQ,-120
372,"Lord, Don’t Move My Mountain",New England Spiritual Ensemble,New England Spiritual Ensemble,"Lord, Don’t Move My Mountain",Comin' Up Shouting!,22,1997-01-01,spotify:track:0x2c7rSatFLDSEY1o4FviZ,-372
20,Louisiana Lady,New Riders of the Purple Sage,New Riders of the Purple Sage,Louisiana Lady,New Riders Of The Purple Sage,10,1971,spotify:track:4ZwlmpWJAdE7wZ4ZR3EskM,-20
105,Love At The Pier - Remastered,Blondie,Blondie,Love At The Pier - Remastered,Plastic Letters,9,1978-02-01,spotify:track:41ChaFLDAx7X8bRSn2SUJR,-105
159,Love Me Tonight,Head East,Head East,Love Me Tonight,Flat As A Pancake,3,1975-01-01,spotify:track:4QTRA2WSXCahYOeRuOcY8J,-159
212,Love of the Common Man,Todd Rundgren,Todd Rundgren,Love of the Common Man,The Very Best of Todd Rundgren,9,1997-07-29,spotify:track:2DcPccXuyphsJ7fC955j5x,-212
91,Love On the Wrong Side of Town,Southside Johnny And The Asbury Jukes,Southside Johnny And The Asbury Jukes,Love On the Wrong Side of Town,The Best Of Southside Johnny And The Asbury Jukes,4,1976,spotify:track:501MRMaNAgp909AAu2sPev,-91
185,Magic Carpet Ride,Steppenwolf,Steppenwolf,Magic Carpet Ride,The Second,7,1968-10-01,spotify:track:4c4jJJoaiY21t2TyRZgdWS,-185
198,Maid In Heaven - 2019 Remaster,Be Bop Deluxe,Be Bop Deluxe,Maid In Heaven - 2019 Remaster,Futurama (Remastered & Expanded),3,1975-05-17,spotify:track:2Iw5EtH0fpF7r5QX5zA94F,-198
36,Make Me Smile (Come up and See Me) - 2014 Remaster,Steve Harley,Steve Harley,Make Me Smile (Come up and See Me) - 2014 Remaster,The Best Years of Our Lives (Deluxe Version),6,1975-03-22,spotify:track:184QpO8ZchGncbNyJe9SDT,-36
247,Man On The Silver Mountain,Rainbow,Rainbow,Man On The Silver Mountain,Ritchie Blackmore's Rainbow,1,1975-01-01,spotify:track:52bzQkgk8TznulGvKOPQTK,-247
7,"Me, I Disconnect From You",Gary Numan / Tubeway Army,Gary Numan / Tubeway Army,"Me, I Disconnect From You",Replicas Redux,1,1979,spotify:track:5zJTXLI9SP4kr95ed5qqu7,-7
312,Melissa,The Allman Brothers Band,The Allman Brothers Band,Melissa,Eat A Peach,3,1972-02-12,spotify:track:30St98Bok3jJmXdkkHVPQe,-312
39,Message In A Bottle,The Police,The Police,Message In A Bottle,Reggatta De Blanc (Remastered 2003),1,1979-10-02,spotify:track:1oYYd2gnWZYrt89EBXdFiO,-39
245,Message of Love,Pretenders,Pretenders,Message of Love,The Singles,7,1987,spotify:track:08xxP1zt8BaXwWr545EuHG,-245
143,Metropolis,Amon Düül II,Amon Düül II,Metropolis,Made In Germany,6,1975,spotify:track:1xYWMlzTgHwDdyO1X9WzhG,-143
128,Midwest Midnight - Live,Michael Stanley Band,Michael Stanley Band,Midwest Midnight - Live,Stagepass,1,1977,spotify:track:0X8oeGIEMz6SFSfqSMuHmW,-128
136,Miracle Man,Elvis Costello,Elvis Costello,Miracle Man,My Aim Is True,2,1977-07-22,spotify:track:4PMmRKupIkdHQzSNxCPP1C,-136
237,Miss America,Styx,Styx,Miss America,The Grand Illusion,5,1977-01-01,spotify:track:2UpMxlf6h57UsAU77G172s,-237
270,Money,The Flying Lizards,The Flying Lizards,Money,The Flying Lizards,6,1979,spotify:track:5rgY6vN5CaEL3boucCi3CT,-270
133,Mongoloid,DEVO,DEVO,Mongoloid,Q: Are We Not Men? A: We Are Devo!,5,1978,spotify:track:3bGG7jaMbcx8JDl3gLUvo7,-133
343,Mother Of Love - Remastered,Nitty Gritty Dirt Band,Nitty Gritty Dirt Band,Mother Of Love - Remastered,Symphonion Dream,13,2003-01-01,spotify:track:6uybBsEHbwtAckrzKtwN77,-343
48,Musta Got Lost - Live,The J. Geils Band,The J. Geils Band,Musta Got Lost - Live,Live: Blow Your Face Out,4,1976,spotify:track:05GTtG1ckPWfGOC0mHGJ0V,-48
NA,My Clone Sleeps Alone,Pat Benatar,Pat Benatar,My Clone Sleeps Alone,In The Heat Of The Night,5,1979-01-01,spotify:track:05XisbzzpAlfISLZHZAVdZ,NA
364,"My My, Hey Hey (Out of the Blue) - 2016 Remaster",Neil Young,Neil Young,"My My, Hey Hey (Out of the Blue) - 2016 Remaster",Rust Never Sleeps,1,1979-06-27,spotify:track:6VltRkmJbCTqgKrTHk4Ulw,-364
189,Mystery Achievement - 2006 Remaster,Pretenders,Pretenders,Mystery Achievement - 2006 Remaster,Pretenders,12,1980-01-11,spotify:track:2xTk109VtSva8rmQvb2Esn,-189
86,Narcissus,City Boy,City Boy,Narcissus,City Boy/Dinner at the Ritz,3,2015-07-31,spotify:track:63uEjKy3FUP6umIR4WBBFL,-86
293,New Values,Iggy Pop,Iggy Pop,New Values,New Values,2,1979-09-01,spotify:track:5LmqBIugWpgE9OA8jFk4i3,-293
NA,Night Moves,Bob Seger,Bob Seger,Night Moves,Night Moves,2,1976-10-22,spotify:track:6UBjSnyP1O5W5ndJoO9vUk,NA
5,No More Heroes,The Stranglers,The Stranglers,No More Heroes,Original New Wave,10,2020-07-31,spotify:track:2Q7vTDvHLPGuUS5YEVHnNj,-5
174,No Way Out,The Tubes,The Tubes,No Way Out,Remote Control,5,1979-01-01,spotify:track:6zDG3IV0D8q3pi6ThoQJKz,-174
NA,Northern Lights,Renaissance,Renaissance,Northern Lights,A Song for All Seasons,7,1978-11-06,spotify:track:76GyGS1C84YBtb3qX6j5mk,NA
207,Nothing a Little Love Won't Cure,The Rubinoos,The Rubinoos,Nothing a Little Love Won't Cure,The Rubinoos,7,1977-01-01,spotify:track:40zclTmadNFa31fHmuzboA,-207
183,Nothing To Fear,New England,New England,Nothing To Fear,New England,6,1979-01-01,spotify:track:3oaKXnGIBUFCAfWHc6Li35,-183
69,Nothing to Say,Company U.K.,Company U.K.,Nothing to Say,Encore,4,2014-01-27,spotify:track:0a2gopf0hRYVvAXz9HBzyK,-69
371,Oh Caroline,Cheap Trick,Cheap Trick,Oh Caroline,In Color,6,1977-09,spotify:track:2pe3KkzSYohFQVlHdpYDka,-371
134,Oliver's Army,Elvis Costello & The Attractions,Elvis Costello & The Attractions,Oliver's Army,Armed Forces,3,1979,spotify:track:1GIV1YzfuFzYAoUjwx3r7W,-134
49,One Last Kiss - Remastered/2006,The J. Geils Band,The J. Geils Band,One Last Kiss - Remastered/2006,Best Of The J. Geils Band,6,2011-01-01,spotify:track:7mC9ztRnPVE8KFpUNhJIik,-49
275,Orgasm Addict - 2001 Remastered Version,Buzzcocks,Buzzcocks,Orgasm Addict - 2001 Remastered Version,Singles Going Steady,1,1979,spotify:track:3K6mPAaaOWaDDR0l0OjhOE,-275
100,Ouch! - 2006 Remaster,The Rutles,The Rutles,Ouch! - 2006 Remaster,The Rutles,10,1978,spotify:track:6jZHWrIbWvrNDyHcvKxgWH,-100
21,Outside Of A Small Circle Of Friends,Phil Ochs,Phil Ochs,Outside Of A Small Circle Of Friends,Pleasures Of The Harbor,3,1967,spotify:track:19nKssBmsSIBXJPZ2HrfXH,-21
18,Panama Red,New Riders of the Purple Sage,New Riders of the Purple Sage,Panama Red,The Best Of New Riders Of The Purple Sage,6,1971,spotify:track:70hZyH0RrThMYtxqv5OGYb,-18
148,Peg,Steely Dan,Steely Dan,Peg,Aja,4,1977-01-01,spotify:track:5DQAHkO9U4IZIombHefcqK,-148
398,Pin A Medal On Mary,Rachel Sweet,Rachel Sweet,Pin A Medal On Mary,Fool Around,11,1978-10-06,spotify:track:2f5gGWUbCIYcnAbjtXr6Wr,-398
272,Planet Claire - Francois Kevorkian Remix,The B-52's,The B-52's,Planet Claire - Francois Kevorkian Remix,Original New Wave,5,2020-07-31,spotify:track:2d0solWkQpdpLT5Re2tmex,-272
390,"Pop Muzik - Nik Launay '79 12""",M,M,"Pop Muzik - Nik Launay '79 12""","New York, London, Paris, Munich",1,1979-01-01,spotify:track:0FBeVAGy58YREuZK2rpRVm,-390
238,Powderfinger - 2016 Remaster,Neil Young,Neil Young,Powderfinger - 2016 Remaster,Rust Never Sleeps,6,1979-06-27,spotify:track:5F1CxsOXX6altKaKlEPuox,-238
169,Pretty Girls,Joe Jackson,Joe Jackson,Pretty Girls,Look Sharp!,10,1979-01-05,spotify:track:409jKN8Chh8tzFiuKO4HpH,-169
160,Prime Time,The Tubes,The Tubes,Prime Time,Remote Control,3,1979-01-01,spotify:track:1ugD8OInLTHKP7umbN3WHt,-160
90,Prove It All Night,Bruce Springsteen,Bruce Springsteen,Prove It All Night,Darkness On the Edge of Town,9,1978-06-02,spotify:track:0Ye9OGxiHF3jylblTCuX7Q,-90
281,"Puff, the Magic Dragon","Peter, Paul and Mary","Peter, Paul and Mary","Puff, the Magic Dragon",Moving,5,1963,spotify:track:3hqsBLMAqJqrhr434Z7WlA,-281
186,Raise A Little Hell,Trooper,Trooper,Raise A Little Hell,Thick As Thieves,10,1978-01-01,spotify:track:1yNz3A4ubmE5IEvpNFkjdc,-186
384,Real Man,Todd Rundgren,Todd Rundgren,Real Man,The Very Best of Todd Rundgren,8,1997-07-29,spotify:track:5NB6p9H8p9ylibEjlTIxSD,-384
97,Redondo Beach,Patti Smith,Patti Smith,Redondo Beach,Horses (Legacy Edition),2,1975,spotify:track:6zCBk93V8M7fPriZj9i4dd,-97
28,Refugee,Tom Petty and the Heartbreakers,Tom Petty and the Heartbreakers,Refugee,Damn The Torpedoes (Deluxe Edition),1,1979-10-19,spotify:track:4mcZYzoGwPRDdhWVlygiHf,-28
283,Rescue Me,Horslips,Horslips,Rescue Me,Treasury - The Very Best of Horslips,24,2009-11-13,spotify:track:77VZsF3DsADs4WuEdHQmdZ,-283
NA,revolt into style,bill nelson,NA,NA,NA,NA,NA,NA,NA
19,Ridin' In My Car - Live,NRBQ,NRBQ,Ridin' In My Car - Live,High Noon: Highlights & Rarities From 50 Years,6,2016-11-11,spotify:track:6r90RAhCMqQ7rLT0XOyGNe,-19
59,Ridin' the Storm Out,REO Speedwagon,REO Speedwagon,Ridin' the Storm Out,Ridin' the Storm Out,1,1973-11-09,spotify:track:0SkmxNE5ydxiEN0hzJbMac,-59
375,Rip Her To Shreds - Remastered,Blondie,Blondie,Rip Her To Shreds - Remastered,Blondie (Remastered),8,1976-12-01,spotify:track:23yUwzz4CQ8yzQ65ATN6Ds,-375
22,Roadrunner (Once),Jonathan Richman & The Modern Lovers,Jonathan Richman & The Modern Lovers,Roadrunner (Once),Roadrunner: The Beserkley Collection,21,2004-07-19,spotify:track:1zMaPLfjieOq8DBr5xDkwF,-22
30,Rock 'N' Roll High School (Ed Stasium Version),Ramones,Ramones,Rock 'N' Roll High School (Ed Stasium Version),En el Disco-Bar,2,2018-06-25,spotify:track:0CcnRBQmFt3QZKdarFovFt,-30
3,"Rock And Roll, Hootchie Koo",Rick Derringer,Rick Derringer,"Rock And Roll, Hootchie Koo","Rock And Roll, Hootchie Koo",1,2015-02-24,spotify:track:5G7yKOQxh1RjxNeRdgoeW0,-3
291,Rock Lobster,The B-52's,The B-52's,Rock Lobster,The B-52's,4,1979-07-11,spotify:track:2Q5wSOwq6BDSu7sSVMNrtT,-291
315,Roll Away the Stone,Mott The Hoople,Mott The Hoople,Roll Away the Stone,The Hoople,9,1974,spotify:track:7cQXdm6y9KE8n1Lw2z75Ey,-315
215,Rosalita (Come Out Tonight),Bruce Springsteen,Bruce Springsteen,Rosalita (Come Out Tonight),"The Wild, the Innocent & The E Street Shuffle",6,1973-09-11,spotify:track:4Z80C8NlDd1AO4axf1O3n0,-215
327,Roxanne,The Police,The Police,Roxanne,Outlandos D'Amour (Remastered 2003),3,1978-11-02,spotify:track:3EYOJ48Et32uATr9ZmLnAo,-327
226,Run Like Hell,Pink Floyd,Pink Floyd,Run Like Hell,The Wall,9,1979-11-30,spotify:track:0EaLRxrtnq7Mqhdf8q9txr,-226
230,Sad Songs,The Rockets,The Rockets,Sad Songs,No Ballads,7,1979,spotify:track:6HiJYRfb7COTBAeUvmOge7,-230
10,Saints,The Flashbulb,The Flashbulb,Saints,Piety of Ashes,4,2017-09-01,spotify:track:2TdJAG0Xowlqtp1pXfaRZ9,-10
175,Samson and Delilah - 2014 Remaster,Grateful Dead,Grateful Dead,Samson and Delilah - 2014 Remaster,Terrapin Station (2014 Remaster),4,1977,spotify:track:1r4TpmnDEOEW7HCcCVoErG,-175
359,Saucy Sailor - 2009 Remaster,Steeleye Span,Steeleye Span,Saucy Sailor - 2009 Remaster,Below the Salt (2009 Remaster),9,1972-10-14,spotify:track:0FTlmN2tsu9jYX79dkVf3V,-359
85,Say Goodbye to Hollywood,Billy Joel,Billy Joel,Say Goodbye to Hollywood,Turnstiles,1,1976-05-19,spotify:track:3YNFRvI0WnbvFdxUCQiKjR,-85
139,Search & Destroy,The Dictators,The Dictators,Search & Destroy,Manifest Destiny,9,1977,spotify:track:6M9hO0vCcNQEzSKfbT9b50,-139
17,Searchin' for a Rainbow,The Marshall Tucker Band,The Marshall Tucker Band,Searchin' for a Rainbow,Greatest Hits,7,2011-01-01,spotify:track:5zS2DXR0XKNsVQSCHGEhx2,-17
6,Sex and Drugs and Rock 'n' Roll - Live,Ian Dury,Ian Dury,Sex and Drugs and Rock 'n' Roll - Live,"Live At Rockpalast (WDR Studio L, Cologne, 21.02.1978)",1,2012-07-27,spotify:track:0VmTayc6Xw6YujsNXLWWJ2,-6
23,Shadow Play,Rory Gallagher,Rory Gallagher,Shadow Play,Photo Finish (Remastered 2017),6,1978-10-01,spotify:track:15PTVLJS4Kczhnwl0FWFsh,-23
25,Shakedown Cruise,Jay Ferguson,Jay Ferguson,Shakedown Cruise,Real Life Ain't This Way,1,2005-07-26,spotify:track:4pNJhFtUGs7UQL61NiPP31,-25
8,Shoo Be Doo,The Cars,The Cars,Shoo Be Doo,Candy-O,5,1979,spotify:track:4b352js1XPPKfsA6Qxy6fb,-8
260,Sidewalk Cafe - 2015 Remaster,Todd Rundgren,Todd Rundgren,Sidewalk Cafe - 2015 Remaster,Todd,12,1974,spotify:track:0QtGE05BId1adMxjxWetT8,-260
NA,silver lady,intergalactic turing band,NA,NA,NA,NA,NA,NA,NA
366,Simple Visions,Strawbs,Strawbs,Simple Visions,Alive In America,5,2007,spotify:track:1qkGNf0lOmYrmVBQE83dGq,-366
235,"Sing It, Shout It",Starz,Starz,"Sing It, Shout It",Violation (Expanded Edition),3,1977-05-01,spotify:track:6SdveBDFBgKRRtgpWwee1W,-235
142,Sky Pilot,Eric Burdon & the Animals,Eric Burdon & the Animals,Sky Pilot,The Twain Shall Meet,6,1968-01-01,spotify:track:1YlFODzWlgk4EFqlt4PkvB,-142
374,Slow Motion,Blondie,Blondie,Slow Motion,Eat To The Beat,8,1979-09-28,spotify:track:1J8PgePsTmVm3TAuYnblw6,-374
188,Smokin' in the Boy's Room,Brownsville Station,Brownsville Station,Smokin' in the Boy's Room,Yeah! (US Internet Release),10,1973,spotify:track:1AIGp3gpj1NXJvh3engmUQ,-188
423,So Afraid - Digitally Remastered 2001,The Outlaws,The Outlaws,So Afraid - Digitally Remastered 2001,Hurry Sundown,3,1977,spotify:track:2kBJJ4kdTdnPh5XtlithOD,NA
420,Some Other Time,The Alan Parsons Project,The Alan Parsons Project,Some Other Time,I Robot (Legacy Edition),3,1977-06-01,spotify:track:6YiSW7FjJw36A3pZ7LzMiV,-420
316,Something About You,Boston,Boston,Something About You,Boston,7,1976,spotify:track:1KxNmUInjFsoDFrLaTtpLZ,-316
246,Space Invader - 2006 Remaster,Pretenders,Pretenders,Space Invader - 2006 Remaster,Pretenders,5,1980-01-11,spotify:track:5DowQfDc9HNQsEqBsjIEOR,-246
84,Spaced,Aerosmith,Aerosmith,Spaced,Get Your Wings,3,1974-03-15,spotify:track:7uH4Cj39mhUc907ds3OmZF,-84
NA,spacey romance,no dice,NA,NA,NA,NA,NA,NA,NA
432,"Starship Trooper: a. Life Seeker, b. Disillusion, c. Würm",Yes,Yes,"Starship Trooper: a. Life Seeker, b. Disillusion, c. Würm",The Yes Album (Deluxe Edition),3,1971-02-19,spotify:track:1K75F5lMyhGFqbM8HwWSpS,-432
233,Stay Awhile,Rachel Sweet,Rachel Sweet,Stay Awhile,Fool Around,5,1978-10-06,spotify:track:6latcWpAyrlTwhs2RHsYls,-233
13,Stay in Time - LP & Single Version,Off Broadway,Off Broadway,Stay in Time - LP & Single Version,On,1,1980-01-07,spotify:track:2lHmJewRJLHz9ST1J5Lzcj,-13
352,Stay With Me,The Dictators,The Dictators,Stay With Me,Bloodbrothers,5,2018-07-02,spotify:track:3UgiXDauVuj9HZKzFY8TBL,-352
144,Steppin' Out,The Dictators,The Dictators,Steppin' Out,Manifest Destiny,6,1977,spotify:track:0hkXnF5KhZoviUpQzomOJv,-144
330,Still...You Turn Me On - 2014 Remastered Version,"Emerson, Lake & Palmer","Emerson, Lake & Palmer",Still...You Turn Me On - 2014 Remastered Version,The Anthology,21,2016-07-29,spotify:track:5RhGCgIZpVn4yP3ixrcjff,-330
204,Stop Your Sobbing,Pretenders,Pretenders,Stop Your Sobbing,Soft Rock Alternative,18,2020-07-31,spotify:track:2VDwggNBGtC7rbRWWfyrqe,-204
313,Suffragette City - 2012 Remaster,David Bowie,David Bowie,Suffragette City - 2012 Remaster,The Rise and Fall of Ziggy Stardust and the Spiders from Mars (2012 Remaster),10,1972-06-06,spotify:track:3YZa4IzxK2UtEKTvdTgsi8,-313
NA,Sugar & Spice,Cryan' Shames,Cryan' Shames,Sugar & Spice,Sugar & Spice (A Collection),1,1992-07-14,spotify:track:3oc2dcOFq4wCuuHhfCoyTg,NA
331,Suite Madame Blue,Styx,Styx,Suite Madame Blue,Greatest Hits,13,1995-01-01,spotify:track:0RTNuBiDbHMCuUvt4FK4hR,-331
92,Sunday Will Never Be The Same,Spanky & Our Gang,Spanky & Our Gang,Sunday Will Never Be The Same,Spanky & Our Gang,4,1967-01-01,spotify:track:42ccaJliexMY66rWpnaGId,-92
166,Sure the Boy Was Green,Horslips,Horslips,Sure the Boy Was Green,Aliens (Bonus Tracks Version),4,2009-12-04,spotify:track:5xkUCucfOfuFwynSVi3eM4,-166
71,Surf City - Remastered 1990/Stereo Remix,Jan & Dean,Jan & Dean,Surf City - Remastered 1990/Stereo Remix,Surf City: The Best Of Jan & Dean,6,1990-01-01,spotify:track:4ZzXPeOfMXk0iKNQGdlzDq,-71
47,Surrender,The J. Geils Band,The J. Geils Band,Surrender,Monkey Island,1,1977-06-09,spotify:track:4dnqrq79RHIb6Ek19nfeRN,-47
NA,T.N.T.,AC/DC,AC/DC,T.N.T.,High Voltage,5,1976-05-14,spotify:track:7LRMbd3LEoV5wZJvXT1Lwb,NA
314,Take It Inside - 2016 Remaster,Southside Johnny And The Asbury Jukes,Southside Johnny And The Asbury Jukes,Take It Inside - 2016 Remaster,Hearts of Stone (Remastered),5,1978-01-01,spotify:track:5v2Qtw3EThbJJGPSF8J5U4,-314
251,Takin' You Down,The J. Geils Band,The J. Geils Band,Takin' You Down,Love Stinks,3,1980,spotify:track:3jB4QwXDuF4K88L2ZmBo1c,-251
191,Taking It To Detroit,Good Rats,Good Rats,Taking It To Detroit,From Rats To Riches,1,1978-04-04,spotify:track:7kYCYu400q0mGtBqb5lXRq,-191
256,Talk To Me,Southside Johnny And The Asbury Jukes,Southside Johnny And The Asbury Jukes,Talk To Me,Havin' A Party With Southside Johnny,3,1976,spotify:track:56c5t4CXg54TjmiGR6ptfL,-256
95,Teenage Love Affair,Rick Derringer,Rick Derringer,Teenage Love Affair,All American Boy (Expanded Edition),8,1973-10-19,spotify:track:4zDb8AsEASOU8yobYNIixJ,-95
76,Telecide,The Tubes,The Tubes,Telecide,Remote Control,11,1979-01-01,spotify:track:4eM6IO29P0oA6h7CWD642z,-76
117,Temptation Eyes - Original,The Grass Roots,The Grass Roots,Temptation Eyes - Original,Temptation Eyes,6,1994-01-01,spotify:track:6KYEtZi2zMlIULXzca9mjp,-117
63,Ten Feet Tall - 2001 Digital Remaster,XTC,XTC,Ten Feet Tall - 2001 Digital Remaster,Drums And Wires,5,1979-08-17,spotify:track:7EREJweyXYJsVO7mGpYV9J,-63
NA,That Smell,Lynyrd Skynyrd,Lynyrd Skynyrd,That Smell,Street Survivors,2,1977-10-17,spotify:track:52DKGPMQ21DauCR19pQ0BK,NA
197,The Dean And I,10cc,10cc,The Dean And I,10cc,4,1973,spotify:track:4CH6ZxpsBtctgxmHy10T6q,-197
2,The Golden Age of Rock 'n' Roll,Mott The Hoople,Mott The Hoople,The Golden Age of Rock 'n' Roll,The Hoople,1,1974,spotify:track:2M9aZcP4xcDiEvEChmHTsx,-2
361,The Ikon (Segments) [Live 1973],Todd Rundgren,Todd Rundgren,The Ikon (Segments) [Live 1973],Box O' Todd (Live),38,2016-03-18,spotify:track:1voQshCnnA1brT6ITgF4s0,-361
79,The Jungle Line,Joni Mitchell,Joni Mitchell,The Jungle Line,The Hissing of Summer Lawns,2,1975-11-01,spotify:track:6C5xDvn42YYdohvSEjsoP2,-79
146,The Logical Song - Remastered 2010,Supertramp,Supertramp,The Logical Song - Remastered 2010,Breakfast In America (Deluxe Edition),2,1979-03-29,spotify:track:6mHOcVtsHLMuesJkswc0GZ,-146
205,The Logical Song - Remastered 2010,Supertramp,Supertramp,The Logical Song - Remastered 2010,Breakfast In America (Deluxe Edition),2,1979-03-29,spotify:track:6mHOcVtsHLMuesJkswc0GZ,-205
222,The Only One of You,Urban Verbs,Urban Verbs,The Only One of You,Urban Verbs,6,1980,spotify:track:5CRS2cQPg84RAkxU52wd7e,-222
NA,The Plastic Age,The Buggles,The Buggles,The Plastic Age,The Age Of Plastic,1,1980-01-10,spotify:track:5fmPJfCYIJfyWwRb8cfgYQ,NA
258,The Power and the Glory,Horslips,Horslips,The Power and the Glory,The Book of Invasions (Bonus Tracks Version),4,2009-08-14,spotify:track:2PWeg8K7qGnt340yoDo7vH,-258
195,The Purple Speed Queen,Curved Air,Curved Air,The Purple Speed Queen,The Best of Curved Air,8,1976-11-22,spotify:track:2AxjUfxGMkFb5TthWyHboJ,-195
156,The Story In Your Eyes,The Moody Blues,The Moody Blues,The Story In Your Eyes,Every Good Boy Deserves Favour,2,1971-07-23,spotify:track:3kcaix8VptngsWoYDTqEN2,-156
NA,the truth comes out,desmond child and rouge,NA,NA,NA,NA,NA,NA,NA
273,The Vanilla Queen,Golden Earring,Golden Earring,The Vanilla Queen,Moontan,6,1973,spotify:track:5cpKDL7ArW8F2JtUk0wuQM,-273
227,The Vigil,Blue Öyster Cult,Blue Öyster Cult,The Vigil,Mirrors,6,1979,spotify:track:67HDsZrr3273j4Sv9bxFxZ,-227
319,The Wall Street Shuffle,10cc,10cc,The Wall Street Shuffle,The Complete UK Recordings,19,2004-01-01,spotify:track:3HyZGwZAq9oQJQBzSyjs7Q,-319
329,"Theme From ""The Warriors"" - From ""The Warriors"" Soundtrack",Barry Vorzon,Barry Vorzon,"Theme From ""The Warriors"" - From ""The Warriors"" Soundtrack",The Warriors Original Motion Picture Soundtrack,1,2005-01-01,spotify:track:3DRcy1faUJgUNk0eNs7GKU,-329
NA,There's No Surf in Cleveland,The Euclid Beach Band,The Euclid Beach Band,There's No Surf in Cleveland,Euclid Beach Band,5,1979-11-05,spotify:track:7d8rUQISXtGAesdgkMfRB4,NA
326,Things I Never Say,The Headboys,The Headboys,Things I Never Say,The Lost Album,4,2013-12-01,spotify:track:7emFHLsEtgZtf8TB9FKpQj,-326
351,Third Time Lucky (First Time I Was A Fool),Foghat,Foghat,Third Time Lucky (First Time I Was A Fool),Boogie Motel,2,1979,spotify:track:2GrXeR0yhjkyXTp0alMF2u,-351
276,Thrash,Cowboys International,Cowboys International,Thrash,The Original Sin,2,1979-01-01,spotify:track:1EuvkEmshTrFvQRlkQbDRv,-276
24,Thunder Island,Jay Ferguson,Jay Ferguson,Thunder Island,Thunder Island,1,1978,spotify:track:3FkQN4NyCFlfn7fWzBkWCj,-24
350,Thunder Road,Bruce Springsteen,Bruce Springsteen,Thunder Road,Born To Run,1,1975-08-25,spotify:track:56lhDZNQ5J47aog6mGKeGk,-350
421,Time Bomb,Lake,Lake,Time Bomb,Lake,3,1976,spotify:track:7yo32JF04IdMMoj6kMIa2U,-421
377,Tomorrow Night,Shoes,Shoes,Tomorrow Night,35 Years: The Definitive Shoes Collection 1977-2012,1,2012,spotify:track:6vFbNeAZzW0BBJBhlasr6w,-377
140,Too Hot to Handle - 2008 Remaster,UFO,UFO,Too Hot to Handle - 2008 Remaster,Lights Out (2008 Remaster),1,1977-01-01,spotify:track:6spqbkDz0sA29d8CA358F1,-140
309,Too Late,Shoes Turned Up,Shoes Turned Up,Too Late,Mommy,17,2019-07-29,spotify:track:7xVTuxWSVQmG1gRlFq61Xl,-309
184,Touch Me,The Doors,The Doors,Touch Me,The Soft Parade,2,1969-07-21,spotify:track:4BVE5tIIpYabZcYCbephNW,-184
180,Train in Vain (Stand by Me) - Remastered,The Clash,The Clash,Train in Vain (Stand by Me) - Remastered,London Calling (Remastered),19,1979,spotify:track:6ITuEsxEy2qPhqMowdDAeI,-180
127,Trapped Again,Southside Johnny And The Asbury Jukes,Southside Johnny And The Asbury Jukes,Trapped Again,Havin' A Party With Southside Johnny,6,1976,spotify:track:3krl7sINykINxFRBkt05HN,-127
51,Trouble Boys,Dave Edmunds,Dave Edmunds,Trouble Boys,Trax on Wax 4,1,2020-05-29,spotify:track:2wSQ3R8BBAG2lB16Wnh3Cg,-51
50,Turn It on Again,Genesis,Genesis,Turn It on Again,Duke,7,1980-03-28,spotify:track:5KXTDunEgNVBnuSBDzsm6x,-50
NA,TV,The Flying Lizards,The Flying Lizards,TV,The Flying Lizards,3,1979,spotify:track:03x6BSem2COLMnJ1t4rlpl,NA
NA,TV - Remastered,Dwight Twilley Band,Dwight Twilley Band,TV - Remastered,Sincerely,7,2011-01-01,spotify:track:3UnkUMqpKZoxOqTf30UHe8,NA
107,TV Is King,The Tubes,The Tubes,TV Is King,Remote Control,2,1979-01-01,spotify:track:7oVnpwt1Lyrt6wIMa3nppK,-107
417,Under My Wheels,Alice Cooper,Alice Cooper,Under My Wheels,Killer,1,1971,spotify:track:6TPMFSJFmyIohTM5El90Po,-417
224,Video Killed The Radio Star,The Buggles,The Buggles,Video Killed The Radio Star,The Age Of Plastic,2,1980-01-10,spotify:track:6t1FIJlZWTQfIZhsGjaulM,-224
41,Waiting In Vain,Bob Marley & The Wailers,Bob Marley & The Wailers,Waiting In Vain,Exodus (Deluxe Edition),7,1977-01-03,spotify:track:4Gq2ydMKhDZmctzkmk2bYo,-41
NA,wake nicodemus,tim curry,NA,NA,NA,NA,NA,NA,NA
294,Wake Up and Make Love With Me - Live,Ian Dury,Ian Dury,Wake Up and Make Love With Me - Live,"Live At Rockpalast (WDR Studio L, Cologne, 21.02.1978)",3,2012-07-27,spotify:track:4cWL3kBkJz9zqCnWK0QFyh,-294
242,Walking On The Moon,The Police,The Police,Walking On The Moon,Reggatta De Blanc (Remastered 2003),6,1979-10-02,spotify:track:62uLNJgVZaFiEiKV4LpoYJ,-242
NA,War Baby Son of Zorro,Daryl Hall & John Oates,Daryl Hall & John Oates,War Baby Son of Zorro,War Babies,6,1974,spotify:track:69bMk8sKwq1bxa4lEnuLyT,NA
344,Waste a Little Time On Me - Live,Michael Stanley Band,Michael Stanley Band,Waste a Little Time On Me - Live,Stagepass,8,1977,spotify:track:2hzZoK3DH7HMp01mXq32VZ,-344
NA,We Are Crazy,Jean Yves Labat,Jean Yves Labat,We Are Crazy,Smokin' In The Boys Room - 1973 Rock,22,2018-06-15,spotify:track:2b8zoUGtjS7HooTAa31ZaX,NA
135,Welcome To The Working Week,Elvis Costello,Elvis Costello,Welcome To The Working Week,My Aim Is True,1,1977-07-22,spotify:track:39rkLB2TEENIvhwAlRC5ae,-135
193,What I Like About You,The Romantics,The Romantics,What I Like About You,What I Like About You (And Other Romantic Hits),1,1990,spotify:track:6NdcSEhpGGAYXNnnhGS2s6,-193
249,Wheel in the Sky,Journey,Journey,Wheel in the Sky,Infinity,6,1978,spotify:track:215wUTQQUo2PElJFEFoB0d,-249
241,When I Look In Your Eyes,The Romantics,The Romantics,When I Look In Your Eyes,The Romantics,1,1980,spotify:track:200etNpz0AiL62lD6xzD8u,-241
NA,When I Was Young,Jane Aire & The Belvederes,Jane Aire & The Belvederes,When I Was Young,"Soul Jazz Records Presents Punk 45: Burn, Rubber City, Burn - Akron, Ohio: Punk and the Decline of the Mid-West 1975-80",11,2015-02-10,spotify:track:2YMCBVQsABudlxQGw9zSxJ,NA
434,When the Machines Rock,Gary Numan / Tubeway Army,Gary Numan / Tubeway Army,When the Machines Rock,Replicas Redux,9,1979,spotify:track:2eDrWAh5GXIDWhKIGedgMc,-434
365,When You Gonna Wake Up,Bob Dylan,Bob Dylan,When You Gonna Wake Up,Slow Train Coming,7,1979-08-20,spotify:track:4CiCn1uQ4g2nDcunbk2mw7,-365
102,Where Have You Been All My Life,Fotomaker,Fotomaker,Where Have You Been All My Life,Fotomaker,1,1978,spotify:track:0O6hLhebUQGNFeCI8CpRyF,-102
112,Where Were You,Journey,Journey,Where Were You,Departure,6,1980,spotify:track:5nrgyqDkpzvs9iM9cnycc2,-112
414,White Russia,Nitty Gritty Dirt Band,Nitty Gritty Dirt Band,White Russia,Dirt Band,7,1978-01-01,spotify:track:7gwEi8hZqVG0ffKtwx1OQI,-414
155,Who's to Blame,Michael Stanley Band,Michael Stanley Band,Who's to Blame,Cabin Fever,6,1998-04-01,spotify:track:27GMJ4V36GEBqtH5RnV6JS,-155
56,Wild Sanctuary - Live,Michael Stanley Band,Michael Stanley Band,Wild Sanctuary - Live,Stagepass,11,1977,spotify:track:1H5n7uHzHrivs0gMP5NeI9,-56
54,Wishing Well,Free,Free,Wishing Well,Heartbreaker,1,1973-01-01,spotify:track:6TSBIfIbxuPDi1uqMqy1iV,-54
126,Without Love,Southside Johnny And The Asbury Jukes,Southside Johnny And The Asbury Jukes,Without Love,Havin' A Party With Southside Johnny,7,1976,spotify:track:0LjE172lQb3ewH9f7AQHAb,-126
145,Xanadu,Rush,Rush,Xanadu,A Farewell To Kings,2,1977-09-01,spotify:track:5q7KiSN7znIONR76LAqm7k,-145
347,You Keep Me Hanging On - Light Echo Remix,The Supremes,The Supremes,You Keep Me Hanging On - Light Echo Remix,Remix The Classics (Vol. 2),5,2016-01-29,spotify:track:6ESGTTiBkHRiYPiIufJk97,-347
209,You Make Loving Fun - 2004 Remaster,Fleetwood Mac,Fleetwood Mac,You Make Loving Fun - 2004 Remaster,Rumours (Super Deluxe),8,1977-02-04,spotify:track:55mQhobuwtY7lfLAXylg1k,-209
NA,young girls at market,bizzaros,NA,NA,NA,NA,NA,NA,NA
328,Young Lust,Pink Floyd,Pink Floyd,Young Lust,The Wall,9,1979-11-30,spotify:track:3xGJuHvSxFJxxYlHj5BIoT,-328
385,Your Number Or Your Name,The Knack,The Knack,Your Number Or Your Name,Get The Knack,2,1979-01-01,spotify:track:0LVwxuIKtNDPVviwqALLmC,-385
282,Your Very Eyes,Shoes,Shoes,Your Very Eyes,Present Tense,4,1979-09-15,spotify:track:0MFuGwMBdNWkAnmZ1Alis7,-282
129,Youth Nabbed As Sniper - Remastered,Blondie,Blondie,Youth Nabbed As Sniper - Remastered,Plastic Letters,4,1978-02-01,spotify:track:2qOIGYRyK8956qxBCx6Jeu,-129
NA,5-7-0-5,City Boy,City Boy,5-7-0-5,Book Early,1,1978,spotify:track:5fjNaIxNBwvtTh7JsELIfv,NA
NA,Too Late,Shoes,Shoes,Too Late,35 Years: The Definitive Shoes Collection 1977-2012,5,2012,spotify:track:4ExfBQfuuU0v07p428cmLD,NA
324,Spirit of Radio,Rush,Rush,The Spirit Of Radio,Permanent Waves,1,1980-01-01,spotify:track:4e9hUiLsN4mx61ARosFi7p,NA
400,Girl,The Records,The Records,Girl In Golden Disc,"Smashes, Crashes And Near Misses",2,1988-01-01,spotify:track:2XhrJbyxGfQX7ZUtTGGAPO,NA
396,The Vultures Fly High,Renaissance,Renaissance,The Vultures Fly High,Scheherazade and Other Stories,2,1975,spotify:track:5X8GKUraZnZjtbTrnE5fi8,NA
67,Friday On My Mind,The Easybeats,The Easybeats,Friday On My Mind,Easy,18,1965-01-01,spotify:track:2CT08rpgdut8qQs7IAzMGi,NA
287,Only You Can Rock Me - 2008 Remaster,UFO,UFO,Only You Can Rock Me - 2008 Remaster,Obsession (2008 Remaster),1,1978-07-15,spotify:track:2qzQZ23b0SXFwz812P83hn,NA
